Workbook

Sheet 数据源表
A1: 序号 | B1: 岗位 | C1: 部门 | D1: 姓名 | E1: 岗位技能培训项目 | F1: 相片 | G1: 表头 | H1: 性别 | I1: 入职时间 | J1: 移动电话 | K1: 股份 | L1: 股份分数 | M1: 公共区 | N1: 公共区分数 | O1: 安全通识培训 运行管理部第一堂安全课 消防安全 反诈骗教育培训 治安管理处罚法 | P1: 运行管理部第一堂安全课分数 | Q1: 消防安全分数 | R1: 反诈骗教育培训分数 | S1: 治安管理处罚法分数 | T1: 岗位技能培训 岗位手册培训 | U1: 岗位手册培训分数 | V1: 岗位技能培训 宿舍安全 反恐安全 交通安全 电梯安全 | W1: 宿舍安全分数 | X1: 反恐安全分数 | Y1: 交通安全分数 | Z1: 电梯安全分数 | AA1: 岗位技能培训 急救培训 典型不安全事件警示教育 | AB1: 急救培训分数 | AC1: 典型不安全事件警示教育分数 | AD1: 岗位实操培训 灭火器、消火栓使用操作 突发事件应急处置流程模拟实操 防暴器材实操/岗位技能培训 | AE1: 灭火器、消火栓使用操作分数 | AF1: 突发事件应急处置流程模拟实操分数 | AG1: 防暴器材实操/岗位技能培训分数 | AH1: 培训日期起 | AI1: 培训日期止 | AJ1: 有效期起 | AK1: 有效期止 | AL1: 盖章日期
A2: 1 | B2: 秩序员 | C2: 运行部 | D2: 叶东林 | E2: =IF(B2="秩序员","防暴器材实操",B2&"岗位技能培训") -> 防暴器材实操 | F2: 叶东林.jpg | G2: ="委外单位：广州航驿停车场管理有限公司 岗位/部门："&B2&"/"&C2&" 姓名:"&D2 -> 委外单位：广州航驿停车场管理有限公司 岗位/部门：秩序员/运行部 姓名:叶东林 | H2: 男 | I2: 46119 | J2: 14767235906 | K2: 46171 | L2: 1235 | M2: 46171 | N2: 51234 | O2: 46173 | P2: 124 | Q2: 575 | R2: 123 | S2: 41 | T2: 46175 | U2: 986 | V2: 46175 | W2: 245 | X2: 542 | Y2: 78 | Z2: 45 | AA2: 46175 | AB2: 95 | AC2: 48 | AD2: 46175 | AE2: 55 | AF2: 77 | AG2: 95 | AH2: =K2 -> 46171 | AI2: =AD2 -> 46175 | AJ2: =AI2+1 -> 46176 | AK2: 46568 | AL2: =AH2 -> 46171
A3: 2 | B3: 监控员 | C3: 运行部 | D3: 陶靖惠 | E3: =IF(B3="秩序员","防暴器材实操",B3&"岗位技能培训") -> 监控员岗位技能培训 | F3: 陶靖惠.jpg | G3: ="委外单位：广州航驿停车场管理有限公司 岗位/部门："&B3&"/"&C3&" 姓名:"&D3 -> 委外单位：广州航驿停车场管理有限公司 岗位/部门：监控员/运行部 姓名:陶靖惠 | H3: 女 | I3: 46119 | J3: 13179259531 | K3: 46172 | L3: 1236 | M3: 46172 | N3: 51235 | O3: 46174 | P3: 125 | Q3: 576 | R3: 124 | S3: 42 | T3: 46176 | U3: 987 | V3: 46176 | W3: 246 | X3: 543 | Y3: 79 | Z3: 46 | AA3: 46176 | AB3: 96 | AC3: 49 | AD3: 46176 | AE3: 56 | AF3: 78 | AG3: 96 | AH3: =K3 -> 46172 | AI3: =AD3 -> 46176 | AJ3: =AI3+1 -> 46177 | AK3: 46569 | AL3: =AH3 -> 46172

Sheet 模板测试
A1: {=VLOOKUP(_wpsfn.SHEETSNAME($A$1),INDIRECT("数据源表!$d$1:$AH$300"),3,FALSE)} -> #N/A | F1: 员 工 培 训 记 录
A2: 序号 | B2: 培训项目 | C2: 具体课程 | D2: 课程类别在相应栏目划“√”（下同） | F2: 授课人及授课时间地点 | I2: 课时 | J2: 受训人课堂表现（在相应栏目划“√” 或填写具体情况，无则划“/”） | N2: 笔试分数（如无笔试则划“/” | O2: 本次培训结果 | Q2: 确认人（即本次培训组织人）
D3: 通识 | E3: 岗位技能 | F3: 授课人 | G3: 时间 | H3: 地点 | J3: 专心听讲，全程积极配合 | K3: 专心听讲，配合较积极 | L3: 迟到、早退、缺席 | M3: 从事与培训无关的活动，如打瞌睡、玩电子产品、看课外书、聊天等 | O3: 通过 | P3: 未通过需重训
A4: 1 | B4: 股份员工准入培训 | C4: 委外员工准入资格培训（股份） | D4: √ | F4: 安全监察部 | G4: {=VLOOKUP(_wpsfn.SHEETSNAME($A$1),INDIRECT("数据源表!$d$1:$AH$300"),_xlfn.IFNA(MATCH(B4,[1]数据源表!$D$1:$AH$1,0),MATCH(C4,[1]数据源表!$D$1:$AH$1,0)),FALSE)} -> #N/A | H4: P8停车楼 | I4: 1 | J4: √ | K4: / | L4: / | M4: / | N4: {=VLOOKUP(_wpsfn.SHEETSNAME($A$1),INDIRECT("数据源表!$d$1:$AH$300"),_xlfn.IFNA(MATCH(B4&"分数",[1]数据源表!$D$1:$AH$1,0),MATCH(C4&"分数",[1]数据源表!$D$1:$AH$1,0)),FALSE)} -> #N/A | O4: √
A5: 2 | B5: 股份员工准入培训 | C5: 安全知识教育培训 | D5: √ | F5: 服务品质部 | G5: {=VLOOKUP(_wpsfn.SHEETSNAME($A$1),INDIRECT("数据源表!$d$1:$AH$300"),_xlfn.IFNA(MATCH(B5,[1]数据源表!$D$1:$AH$1,0),MATCH(C5,[1]数据源表!$D$1:$AH$1,0)),FALSE)} -> #N/A | H5: P8停车楼 | I5: 1 | J5: √ | K5: / | L5: / | M5: / | N5: {=VLOOKUP(_wpsfn.SHEETSNAME($A$1),INDIRECT("数据源表!$d$1:$AH$300"),_xlfn.IFNA(MATCH(B5&"分数",[1]数据源表!$D$1:$AH$1,0),MATCH(C5&"分数",[1]数据源表!$D$1:$AH$1,0)),FALSE)} -> #N/A | O5: √
A6: 3 | B6: 股份员工准入培训 | C6: 白云机场新入职员工服务培训 | D6: √ | F6: 潘俊杰 | G6: {=VLOOKUP(_wpsfn.SHEETSNAME($A$1),INDIRECT("数据源表!$d$1:$AH$300"),_xlfn.IFNA(MATCH(B6,[1]数据源表!$D$1:$AH$1,0),MATCH(C6,[1]数据源表!$D$1:$AH$1,0)),FALSE)} -> #N/A | H6: P8停车楼 | I6: 1 | J6: √ | K6: / | L6: / | M6: / | N6: {=VLOOKUP(_wpsfn.SHEETSNAME($A$1),INDIRECT("数据源表!$d$1:$AH$300"),_xlfn.IFNA(MATCH(B6&"分数",[1]数据源表!$D$1:$AH$1,0),MATCH(C6&"分数",[1]数据源表!$D$1:$AH$1,0)),FALSE)} -> #N/A | O6: √
A7: 4 | B7: 股份员工准入培训 | C7: 火灾的预防与应对-消防培训 | D7: √ | F7: 客户服务中心 | G7: {=VLOOKUP(_wpsfn.SHEETSNAME($A$1),INDIRECT("数据源表!$d$1:$AH$300"),_xlfn.IFNA(MATCH(B7,[1]数据源表!$D$1:$AH$1,0),MATCH(C7,[1]数据源表!$D$1:$AH$1,0)),FALSE)} -> #N/A | H7: P8停车楼 | I7: 1 | J7: / | K7: / | L7: / | M7: / | N7: {=VLOOKUP(_wpsfn.SHEETSNAME($A$1),INDIRECT("数据源表!$d$1:$AH$300"),_xlfn.IFNA(MATCH(B7&"分数",[1]数据源表!$D$1:$AH$1,0),MATCH(C7&"分数",[1]数据源表!$D$1:$AH$1,0)),FALSE)} -> #N/A | O7: √
A8: 5 | B8: 股份员工准入培训 | C8: 《首问责任》知识/春风服务与志愿服务 | D8: √ | F8: 人力资源部 | G8: {=VLOOKUP(_wpsfn.SHEETSNAME($A$1),INDIRECT("数据源表!$d$1:$AH$300"),_xlfn.IFNA(MATCH(B8,[1]数据源表!$D$1:$AH$1,0),MATCH(C8,[1]数据源表!$D$1:$AH$1,0)),FALSE)} -> #N/A | H8: P8停车楼 | I8: 1 | J8: √ | K8: / | L8: / | M8: / | N8: {=VLOOKUP(_wpsfn.SHEETSNAME($A$1),INDIRECT("数据源表!$d$1:$AH$300"),_xlfn.IFNA(MATCH(B8&"分数",[1]数据源表!$D$1:$AH$1,0),MATCH(C8&"分数",[1]数据源表!$D$1:$AH$1,0)),FALSE)} -> #N/A | O8: √
A9: 6 | B9: 公共区员工资质培训 | C9: 基本通识（公共区） | D9: √ | F9: 陈集龙 | G9: {=VLOOKUP(_wpsfn.SHEETSNAME($A$1),INDIRECT("数据源表!$d$1:$AH$300"),_xlfn.IFNA(MATCH(B9,[1]数据源表!$D$1:$AH$1,0),MATCH(C9,[1]数据源表!$D$1:$AH$1,0)),FALSE)} -> #N/A | H9: P8停车楼 | I9: 1 | J9: √ | K9: / | L9: / | M9: / | N9: {=VLOOKUP(_wpsfn.SHEETSNAME($A$1),INDIRECT("数据源表!$d$1:$AH$300"),_xlfn.IFNA(MATCH(B9&"分数",[1]数据源表!$D$1:$AH$1,0),MATCH(C9&"分数",[1]数据源表!$D$1:$AH$1,0)),FALSE)} -> #N/A | O9: √
A10: 7 | B10: 公共区员工资质培训 | C10: 安全通识（公共区） | D10: √ | F10: 鹿婷婷 | G10: {=VLOOKUP(_wpsfn.SHEETSNAME($A$1),INDIRECT("数据源表!$d$1:$AH$300"),_xlfn.IFNA(MATCH(B10,[1]数据源表!$D$1:$AH$1,0),MATCH(C10,[1]数据源表!$D$1:$AH$1,0)),FALSE)} -> #N/A | H10: P8停车楼 | I10: 1 | J10: √ | K10: / | L10: / | M10: / | N10: {=VLOOKUP(_wpsfn.SHEETSNAME($A$1),INDIRECT("数据源表!$d$1:$AH$300"),_xlfn.IFNA(MATCH(B10&"分数",[1]数据源表!$D$1:$AH$1,0),MATCH(C10&"分数",[1]数据源表!$D$1:$AH$1,0)),FALSE)} -> #N/A | O10: √
A11: 8 | B11: 公共区员工资质培训 | C11: 服务通识（公共区） | D11: √ | F11: 邓婕 | H11: P8停车楼 | I11: 1 | J11: √ | K11: / | L11: / | M11: / | N11: {=VLOOKUP(_wpsfn.SHEETSNAME($A$1),INDIRECT("数据源表!$d$1:$AH$300"),_xlfn.IFNA(MATCH(B11&"分数",[1]数据源表!$D$1:$AH$1,0),MATCH(C11&"分数",[1]数据源表!$D$1:$AH$1,0)),FALSE)} -> #N/A | O11: √
A12: 9 | B12: 安全通识培训 | C12: 运行管理部第一堂安全课 | D12: √ | F12: 运行管理部 | H12: P8停车楼 | I12: 2 | J12: √ | K12: / | L12: / | M12: / | O12: √
A13: 10 | B13: 安全通识培训 | C13: 消防安全 | D13: √ | F13: 运行管理部 | H13: P8停车楼 | I13: 2 | J13: √ | K13: / | L13: / | M13: / | O13: √
A14: 11 | B14: 安全通识培训 | C14: 反诈骗教育 | D14: √ | F14: 运行管理部 | G14: {=VLOOKUP(_wpsfn.SHEETSNAME($A$1),INDIRECT("数据源表!$d$1:$AH$300"),_xlfn.IFNA(MATCH(B14,[1]数据源表!$D$1:$AH$1,0),MATCH(C14,[1]数据源表!$D$1:$AH$1,0)),FALSE)} -> #N/A | H14: P8停车楼 | I14: 2 | J14: √ | K14: / | L14: / | M14: / | N14: {=VLOOKUP(_wpsfn.SHEETSNAME($A$1),INDIRECT("数据源表!$d$1:$AH$300"),_xlfn.IFNA(MATCH(B14&"分数",[1]数据源表!$D$1:$AH$1,0),MATCH(C14&"分数",[1]数据源表!$D$1:$AH$1,0)),FALSE)} -> #N/A | O14: √
A15: 12 | B15: 安全通识培训 | C15: 治安管理处罚法 | D15: √ | F15: 运行管理部 | G15: {=VLOOKUP(_wpsfn.SHEETSNAME($A$1),INDIRECT("数据源表!$d$1:$AH$300"),_xlfn.IFNA(MATCH(B15,[1]数据源表!$D$1:$AH$1,0),MATCH(C15,[1]数据源表!$D$1:$AH$1,0)),FALSE)} -> #N/A | H15: P8停车楼 | I15: 1 | J15: √ | K15: / | L15: / | M15: / | N15: {=VLOOKUP(_wpsfn.SHEETSNAME($A$1),INDIRECT("数据源表!$d$1:$AH$300"),_xlfn.IFNA(MATCH(B15&"分数",[1]数据源表!$D$1:$AH$1,0),MATCH(C15&"分数",[1]数据源表!$D$1:$AH$1,0)),FALSE)} -> #N/A | O15: √
A16: 13 | B16: 岗位技能培训 | C16: 岗位手册 | E16: √ | F16: 运行管理部 | G16: {=VLOOKUP(_wpsfn.SHEETSNAME($A$1),INDIRECT("数据源表!$d$1:$AH$300"),_xlfn.IFNA(MATCH(B16,[1]数据源表!$D$1:$AH$1,0),MATCH(C16,[1]数据源表!$D$1:$AH$1,0)),FALSE)} -> #N/A | H16: P8停车楼 | I16: 2 | J16: √ | K16: / | L16: / | M16: / | N16: {=VLOOKUP(_wpsfn.SHEETSNAME($A$1),INDIRECT("数据源表!$d$1:$AH$300"),_xlfn.IFNA(MATCH(B16&"分数",[1]数据源表!$D$1:$AH$1,0),MATCH(C16&"分数",[1]数据源表!$D$1:$AH$1,0)),FALSE)} -> #N/A | O16: √
A17: 14 | B17: 岗位技能培训 | C17: 宿舍安全 | E17: √ | F17: 运行管理部 | G17: {=VLOOKUP(_wpsfn.SHEETSNAME($A$1),INDIRECT("数据源表!$d$1:$AH$300"),_xlfn.IFNA(MATCH(B17,[1]数据源表!$D$1:$AH$1,0),MATCH(C17,[1]数据源表!$D$1:$AH$1,0)),FALSE)} -> #N/A | H17: P8停车楼 | I17: 2 | J17: √ | K17: / | L17: / | M17: / | N17: {=VLOOKUP(_wpsfn.SHEETSNAME($A$1),INDIRECT("数据源表!$d$1:$AH$300"),_xlfn.IFNA(MATCH(B17&"分数",[1]数据源表!$D$1:$AH$1,0),MATCH(C17&"分数",[1]数据源表!$D$1:$AH$1,0)),FALSE)} -> #N/A | O17: √
A18: 15 | B18: 岗位技能培训 | C18: 反恐安全 | E18: √ | F18: 运行管理部 | G18: {=VLOOKUP(_wpsfn.SHEETSNAME($A$1),INDIRECT("数据源表!$d$1:$AH$300"),_xlfn.IFNA(MATCH(B18,[1]数据源表!$D$1:$AH$1,0),MATCH(C18,[1]数据源表!$D$1:$AH$1,0)),FALSE)} -> #N/A | H18: P8停车楼 | I18: 2 | J18: √ | K18: / | L18: / | M18: / | N18: {=VLOOKUP(_wpsfn.SHEETSNAME($A$1),INDIRECT("数据源表!$d$1:$AH$300"),_xlfn.IFNA(MATCH(B18&"分数",[1]数据源表!$D$1:$AH$1,0),MATCH(C18&"分数",[1]数据源表!$D$1:$AH$1,0)),FALSE)} -> #N/A | O18: √
A19: 16 | B19: 岗位技能培训 | C19: 交通安全 | E19: √ | F19: 运行管理部 | G19: {=VLOOKUP(_wpsfn.SHEETSNAME($A$1),INDIRECT("数据源表!$d$1:$AH$300"),_xlfn.IFNA(MATCH(B19,[1]数据源表!$D$1:$AH$1,0),MATCH(C19,[1]数据源表!$D$1:$AH$1,0)),FALSE)} -> #N/A | H19: P8停车楼 | I19: 2 | J19: √ | K19: / | L19: / | M19: / | N19: {=VLOOKUP(_wpsfn.SHEETSNAME($A$1),INDIRECT("数据源表!$d$1:$AH$300"),_xlfn.IFNA(MATCH(B19&"分数",[1]数据源表!$D$1:$AH$1,0),MATCH(C19&"分数",[1]数据源表!$D$1:$AH$1,0)),FALSE)} -> #N/A | O19: √
A20: 17 | B20: 岗位技能培训 | C20: 电梯安全 | E20: √ | F20: 运行管理部 | G20: {=VLOOKUP(_wpsfn.SHEETSNAME($A$1),INDIRECT("数据源表!$d$1:$AH$300"),_xlfn.IFNA(MATCH(B20,[1]数据源表!$D$1:$AH$1,0),MATCH(C20,[1]数据源表!$D$1:$AH$1,0)),FALSE)} -> #N/A | H20: P8停车楼 | I20: 1 | J20: √ | K20: / | L20: / | M20: / | N20: {=VLOOKUP(_wpsfn.SHEETSNAME($A$1),INDIRECT("数据源表!$d$1:$AH$300"),_xlfn.IFNA(MATCH(B20&"分数",[1]数据源表!$D$1:$AH$1,0),MATCH(C20&"分数",[1]数据源表!$D$1:$AH$1,0)),FALSE)} -> #N/A | O20: √
A21: 18 | B21: 岗位技能培训 | C21: 急救培训 | E21: √ | F21: 运行管理部 | H21: P8停车楼 | I21: 2 | J21: √ | K21: / | L21: / | M21: / | O21: √
A22: 19 | B22: 岗位技能培训 | C22: 典型不安全事件警示教育 | E22: √ | F22: 运行管理部 | H22: P8停车楼 | I22: 2 | J22: √ | K22: / | L22: / | M22: / | O22: √
A23: 20 | B23: 岗位实操培训 | C23: 灭火器、消火栓使用操作 | E23: √ | F23: 运行管理部 | G23: {=VLOOKUP(_wpsfn.SHEETSNAME($A$1),INDIRECT("数据源表!$d$1:$AH$300"),_xlfn.IFNA(MATCH(B23,[1]数据源表!$D$1:$AH$1,0),MATCH(C23,[1]数据源表!$D$1:$AH$1,0)),FALSE)} -> #N/A | H23: P8停车楼 | I23: 1 | J23: √ | K23: / | L23: / | M23: / | N23: {=VLOOKUP(_wpsfn.SHEETSNAME($A$1),INDIRECT("数据源表!$d$1:$AH$300"),_xlfn.IFNA(MATCH(B23&"分数",[1]数据源表!$D$1:$AH$1,0),MATCH(C23&"分数",[1]数据源表!$D$1:$AH$1,0)),FALSE)} -> #N/A | O23: √
A24: 21 | B24: 岗位实操培训 | C24: 突发事件应急处置流程模拟实操 | E24: √ | F24: 运行管理部 | G24: {=VLOOKUP(_wpsfn.SHEETSNAME($A$1),INDIRECT("数据源表!$d$1:$AH$300"),_xlfn.IFNA(MATCH(B24,[1]数据源表!$D$1:$AH$1,0),MATCH(C24,[1]数据源表!$D$1:$AH$1,0)),FALSE)} -> #N/A | H24: P8停车楼 | I24: 1 | J24: √ | K24: / | L24: / | M24: / | N24: {=VLOOKUP(_wpsfn.SHEETSNAME($A$1),INDIRECT("数据源表!$d$1:$AH$300"),_xlfn.IFNA(MATCH(B24&"分数",[1]数据源表!$D$1:$AH$1,0),MATCH(C24&"分数",[1]数据源表!$D$1:$AH$1,0)),FALSE)} -> #N/A | O24: √
A25: 22 | B25: 岗位实操培训 | C25: 防暴器材实操 | E25: √ | F25: 运行管理部 | G25: {=VLOOKUP(_wpsfn.SHEETSNAME($A$1),INDIRECT("数据源表!$d$1:$AH$300"),_xlfn.IFNA(MATCH(B25,[1]数据源表!$D$1:$AH$1,0),MATCH(C25,[1]数据源表!$D$1:$AH$1,0)),FALSE)} -> #N/A | H25: P8停车楼 | I25: 2 | J25: √ | K25: / | L25: / | M25: / | N25: {=VLOOKUP(_wpsfn.SHEETSNAME($A$1),INDIRECT("数据源表!$d$1:$AH$300"),_xlfn.IFNA(MATCH(B25&"分数",[1]数据源表!$D$1:$AH$1,0),MATCH(C25&"分数",[1]数据源表!$D$1:$AH$1,0)),FALSE)} -> #N/A | O25: √

Sheet Sheet1
A1: 公共区 | B1: =A1&"分数" -> 公共区分数 | C1: 运行管理部第一堂安全课 | D1: =C1&"分数" -> 运行管理部第一堂安全课分数 | E1: 消防安全 | F1: =E1&"分数" -> 消防安全分数 | G1: 反诈骗教育培训 | H1: =G1&"分数" -> 反诈骗教育培训分数 | I1: 治安管理处罚法 | J1: =I1&"分数" -> 治安管理处罚法分数 | K1: 岗位手册培训 | L1: =K1&"分数" -> 岗位手册培训分数 | M1: 宿舍安全 | N1: =M1&"分数" -> 宿舍安全分数 | O1: 反恐安全 | P1: =O1&"分数" -> 反恐安全分数 | Q1: 交通安全 | R1: =Q1&"分数" -> 交通安全分数 | S1: 电梯安全 | T1: =S1&"分数" -> 电梯安全分数 | U1: 急救培训 | V1: =U1&"分数" -> 急救培训分数 | W1: 典型不安全事件警示教育 | X1: =W1&"分数" -> 典型不安全事件警示教育分数 | Y1: 灭火器、消火栓使用操作 | Z1: =Y1&"分数" -> 灭火器、消火栓使用操作分数 | AA1: 突发事件应急处置流程模拟实操 | AB1: =AA1&"分数" -> 突发事件应急处置流程模拟实操分数 | AC1: 防暴器材实操/岗位技能培训 | AD1: =AC1&"分数" -> 防暴器材实操/岗位技能培训分数
